Bachelor of Architecture,Bachelor of Architecture,Bachelor of Architecture
Bachelor of Biochemistry,Bachelor of Biochemistry,Bachelor of Biochemistry
Bachelor of Biomedical Science,Bachelor of Biomedical Science,Bachelor of Biomedical Science
Bachelor of Business Administration,Bachelor of Business Administration,Bachelor of Business Administration
Bachelor of Clinical Science,Bachelor of Clinical Science,Bachelor of Clinical Science
Bachelor of Commerce,Bachelor of Commerce,Bachelor of Commerce
Bachelor of Computer Applications,Bachelor of Computer Applications,Bachelor of Computer Applications
Bachelor of Community Health,Bachelor of Community Health,Bachelor of Community Health
Bachelor of Computer Information Systems,Bachelor of Computer Information Systems,Bachelor of Computer Information Systems
Bachelor of Science in Construction Technology,BSc. in Construction Technology,BSc in Construction Technology
Bachelor of Criminal Justice,Bachelor of Criminal Justice,Bachelor of Criminal Justice
Bachelor of Divinity,Bachelor of Divinity,Bachelor of Divinity
Bachelor of Economics,Bachelor of Economics,Bachelor of Economics
Bachelor of Education,Bachelor of Education,Bachelor of Education
Bachelor of Engineering,Bachelor of Engineering,Bachelor of Engineering
Bachelor of Fine Arts,Bachelor of Fine Arts,Bachelor of Fine Arts
Bachelor of Letters,Bachelor of Letters,Bachelor of Letters
Bachelor of Information Systems,Bachelor of Information Systems,Bachelor of Information Systems
Bachelor of Management,Bachelor of Management,Bachelor of Management
Bachelor of Music,Bachelor of Music,Bachelor of Music
Bachelor of Pharmacy,Bachelor of Pharmacy,Bachelor of Pharmacy
Bachelor of Philosophy,Bachelor of Philosophy,Bachelor of Philosophy
Bachelor of Public Affairs and Policy Management,Bachelor of Public Affairs and Policy Management,Bachelor of Public Affairs and Policy Management
Bachelor of Social Work,Bachelor of Social Work,Bachelor of Social Work
Bachelor of Technology,Bachelor of Technology,Bachelor of Technology
Bachelor of Accountancy,Bachelor of Accountancy,Bachelor of Accountancy
Bachelor of Arts in American Studies,BA in American Studies,B.A. in American Studies
Bachelor of Arts in American Indian Studies,BA in American Indian Studies,B.A. in American Indian Studies
Bachelor of Arts in Applied Psychology,BA in Applied Psychology,B.A. in Applied Psychology
Bachelor of Arts in Biology,BA in Biology,B.A. in Biology
Bachelor of Arts in Anthropology,BA in Anthropology,B.A. in Anthropology
Bachelor of Arts in Child Advocacy,BA in Child Advocacy,B.A. in Child Advocacy
Bachelor of Arts in Clinical Psychology,BA in Clinical Psychology,B.A. in Clinical Psychology
Bachelor of Arts in Communication,BA in Communication,B.A. in Communication
Bachelor of Arts in Forensic Psychology,BA in Forensic Psychology,B.A. in Forensic Psychology
Bachelor of Arts in Organizational Psychology,BA in Organizational Psychology,B.A. in Organizational Psychology
Bachelor of Science in Aerospace Engineering,BSc. in Aerospace Engineering,BSc in Aerospace Engineering
Bachelor of Science in Accountancy,BSc. in Accountancy,BSc in Accountancy
Bachelor of Science in Actuarial,BSc. in Actuarial,BSc in Actuarial
Bachelor of Science in Agriculture,BSc. in Agriculture,BSc in Agriculture
Bachelor of Science in Applied Economics,BSc. in Applied Economics,BSc in Applied Economics
Bachelor of Science in Architecture,BSc. in Architecture,BSc in Architecture
Bachelor of Science in Architectural Engineering,BSc. in Architectural Engineering,BSc in Architectural Engineering
Bachelor of Science in Athletic Training,BSc. in Athletic Training,BSc in Athletic Training
Bachelor of Science in Biology,BSc. in Biology,BSc in Biology
Bachelor of Science in Biomedical Engineering,BSc. in Biomedical Engineering,BSc in Biomedical Engineering
Bachelor of Science in Bible,BSc. in Bible,BSc in Bible
Bachelor of Science in Business Administration,BSc. in Business Administration,BSc in Business Administration
Bachelor of Science in Business Administration - Computer Application,BSc. in Business Administration - Computer Application,BSc in Business Administration - Computer Application
Bachelor of Science in Business Administration - Economics,BSc. in Business Administration - Economics,BSc in Business Administration - Economics
Bachelor of Science in Business and Technology,BSc. in Business and Technology,BSc in Business and Technology
Bachelor of Science in Chemical Engineering,BSc. in Chemical Engineering,BSc in Chemical Engineering
Bachelor of Science in Chemistry,BSc. in Chemistry,BSc in Chemistry
Bachelor of Science in Civil Engineering,BSc. in Civil Engineering,BSc in Civil Engineering
Bachelor of Science in Clinical Laboratory Science,BSc. in Clinical Laboratory Science,BSc in Clinical Laboratory Science
Bachelor of Science in Cognitive Science,BSc. in Cognitive Science,BSc in Cognitive Science
Bachelor of Science in Computer Engineering,BSc. in Computer Engineering,BSc in Computer Engineering
Bachelor of Science in Computer Science,BSc. in Computer Science,BSc in Computer Science
Bachelor of Science in Construction Engineering,BSc. in Construction Engineering,BSc in Construction Engineering
Bachelor of Science in Construction Management,BSc. in Construction Management,BSc in Construction Management
Bachelor of Science in Criminal Justice,BSc. in Criminal Justice,BSc in Criminal Justice
Bachelor of Science in Criminology,BSc. in Criminology,BSc in Criminology
Bachelor of Science in Diagnostic Radiography,BSc. in Diagnostic Radiography,BSc in Diagnostic Radiography
Bachelor of Science in Education,BSc. in Education,BSc in Education
Bachelor of Science in Electrical Engineering,BSc. in Electrical Engineering,BSc in Electrical Engineering
Bachelor of Science in Engineering Physics,BSc. in Engineering Physics,BSc in Engineering Physics
Bachelor of Science in Engineering Science,BSc. in Engineering Science,BSc in Engineering Science
Bachelor of Science in Engineering Technology,BSc. in Engineering Technology,BSc in Engineering Technology
Bachelor of Science in English Literature,BSc. in English Literature,BSc in English Literature
Bachelor of Science in Environmental Engineering,BSc. in Environmental Engineering,BSc in Environmental Engineering
Bachelor of Science in Environmental Science,BSc. in Environmental Science,BSc in Environmental Science
Bachelor of Science in Environmental Studies,BSc. in Environmental Studies,BSc in Environmental Studies
Bachelor of Science in Food Science,BSc. in Food Science,BSc in Food Science
Bachelor of Science in Foreign Service,BSc. in Foreign Service,BSc in Foreign Service
Bachelor of Science in Forensic Science,BSc. in Forensic Science,BSc in Forensic Science
Bachelor of Science in Forestry,BSc. in Forestry,BSc in Forestry
Bachelor of Science in Genetic Engineering and Biotechnology,BSc. in Genetic Engineering and Biotechnology,BSc in Genetic Engineering and Biotechnology
Bachelor of Science in History,BSc. in History,BSc in History
Bachelor of Science in Hospitality Management,BSc. in Hospitality Management,BSc in Hospitality Management
Bachelor of Science in Human Resources Management,BSc. in Human Resources Management,BSc in Human Resources Management
Bachelor of Science in Industrial Engineering,BSc. in Industrial Engineering,BSc in Industrial Engineering
Bachelor of Science in Information Technology,BSc. in Information Technology,BSc in Information Technology
Bachelor of Science in Information Systems,BSc. in Information Systems,BSc in Information Systems
Bachelor of Science in Integrated Science,BSc. in Integrated Science,BSc in Integrated Science
Bachelor of Science in International Relations,BSc. in International Relations,BSc in International Relations
Bachelor of Science in Journalism,BSc. in Journalism,BSc in Journalism
Bachelor of Science in Legal Management,BSc. in Legal Management,BSc in Legal Management
Bachelor of Science in Management,BSc. in Management,BSc in Management
Bachelor of Science in Manufacturing Engineering,BSc. in Manufacturing Engineering,BSc in Manufacturing Engineering
Bachelor of Science in Marketing,BSc. in Marketing,BSc in Marketing
Bachelor of Science in Mathematics,BSc. in Mathematics,BSc in Mathematics
Bachelor of Science in Mechanical Engineering,BSc. in Mechanical Engineering,BSc in Mechanical Engineering
Bachelor of Science in Medical Technology,BSc. in Medical Technology,BSc in Medical Technology
Bachelor of Science in Metallurgical Engineering,BSc. in Metallurgical Engineering,BSc in Metallurgical Engineering
Bachelor of Science in Meteorology,BSc. in Meteorology,BSc in Meteorology
Bachelor of Science in Microbiology,BSc. in Microbiology,BSc in Microbiology
Bachelor of Science in Mining Engineering,BSc. in Mining Engineering,BSc in Mining Engineering
Bachelor of Science in Molecular Biology,BSc. in Molecular Biology,BSc in Molecular Biology
Bachelor of Science in Neuroscience,BSc. in Neuroscience,BSc in Neuroscience
Bachelor of Science in Nursing,BSc. in Nursing,BSc in Nursing
Bachelor of Science in Nutrition science,BSc. in Nutrition science,BSc in Nutrition science
Bachelor of Science in Software Engineering,BSc. in Software Engineering,BSc in Software Engineering
Bachelor of Science in Petroleum Engineering,BSc. in Petroleum Engineering,BSc in Petroleum Engineering
Bachelor of Science in Podiatry,BSc. in Podiatry,BSc in Podiatry
Bachelor of Science in Pharmacology,BSc. in Pharmacology,BSc in Pharmacology
Bachelor of Science in Pharmacy,BSc. in Pharmacy,BSc in Pharmacy
Bachelor of Science in Physical Therapy,BSc. in Physical Therapy,BSc in Physical Therapy
Bachelor of Science in Physics,BSc. in Physics,BSc in Physics
Bachelor of Science in Plant Science,BSc. in Plant Science,BSc in Plant Science
Bachelor of Science in Politics,BSc. in Politics,BSc in Politics
Bachelor of Science in Psychology,BSc. in Psychology,BSc in Psychology
Bachelor of Science in Public Safety,BSc. in Public Safety,BSc in Public Safety
Bachelor of Science in Physiology,BSc. in Physiology,BSc in Physiology
Bachelor of Science in Quantity Surveying Engineering,BSc. in Quantity Surveying Engineering,BSc in Quantity Surveying Engineering
Bachelor of Science in Radiologic Technology,BSc. in Radiologic Technology,BSc in Radiologic Technology
Bachelor of Science in Real-Time Interactive Simulation,BSc. in Real-Time Interactive Simulation,BSc in Real-Time Interactive Simulation
Bachelor of Science in Religion,BSc. in Religion,BSc in Religion
Bachelor of Science in Respiratory Therapy,BSc. in Respiratory Therapy,BSc in Respiratory Therapy
Bachelor of Science in Retail Management,BSc. in Retail Management,BSc in Retail Management
Bachelor of Science in Risk Management and Insurance,BSc. in Risk Management and Insurance,BSc in Risk Management and Insurance
Bachelor of Science in Science Education,BSc. in Science Education,BSc in Science Education
Bachelor of Science in Sports Management,BSc. in Sports Management,BSc in Sports Management
Bachelor of Science in Systems Engineering,BSc. in Systems Engineering,BSc in Systems Engineering
Bachelor of Music in Jazz Studies,Bachelor of Music in Jazz Studies,Bachelor of Music in Jazz Studies
Bachelor of Music in Composition,Bachelor of Music in Composition,Bachelor of Music in Composition
Bachelor of Music in Performance,Bachelor of Music in Performance,Bachelor of Music in Performance
Bachelor of Music in Theory,Bachelor of Music in Theory,Bachelor of Music in Theory
Bachelor of Music in Music Education,Bachelor of Music in Music Education,Bachelor of Music in Music Education
Bachelor of Science in Veterinary Technology,BSc. in Veterinary Technology,BSc in Veterinary Technology
Bachelor of Science in military and strategic studies,BSc. in military and strategic studies,BSc in military and strategic studies
Master of Accountancy,Master of Accountancy,Master of Accountancy
Master of Accounting and Information Systems,Master of Accounting and Information Systems,Master of Accounting and Information Systems
Master of Advanced Study,Master of Advanced Study,Master of Advanced Study
Master of Applied Finance,Master of Applied Finance,Master of Applied Finance
Master of Applied Mathematical Sciences,Master of Applied Mathematical Sciences,Master of Applied Mathematical Sciences
Master of Applied Psychology,Master of Applied Psychology,Master of Applied Psychology
Master of Applied Science,Master of Applied Science,Master of Applied Science
Master of Architecture,Master of Architecture,Master of Architecture
Master of Arts,MA,MA
Master of Arts in Archives and Records Management,MA in Archives and Records Management,MA in Archives and Records Management
Master of Arts in Bioethics,MA in Bioethics,MA in Bioethics
Master of Arts in Liberal Studies,MA in Liberal Studies,MA in Liberal Studies
Master of Arts in Museum Studies,MA in Museum Studies,MA in Museum Studies
Master of Arts in Strategic Communication Management,MA in Strategic Communication Management,MA in Strategic Communication Management
Master of Arts in Teaching,MA in Teaching,MA in Teaching
Master of Athletic Training,Master of Athletic Training,Master of Athletic Training
Master of Bioethics,Master of Bioethics,Master of Bioethics
Master of Bioinformatics,Master of Bioinformatics,Master of Bioinformatics
Master of Biotechnology,Master of Biotechnology,Master of Biotechnology
Master of Business Administration,MBA,MBA
Master of Business Administration Management of Technology,MBA Management of Technology,MB.A. Management of Technology
Master of Business,Master of Business,Master of Business
Master of Business Economics,Master of Business Economics,Master of Business Economics
Master of Business Engineering,Master of Business Engineering,Master of Business Engineering
Master of Business Informatics,Master of Business Informatics,Master of Business Informatics
Master of Chemistry,Master of Chemistry,Master of Chemistry
Master of City Planning,Master of City Planning,Master of City Planning
Master of Commerce,Master of Commerce,Master of Commerce
Master of Community Health,Master of Community Health,Master of Community Health
Master of Computational Finance,Master of Computational Finance,Master of Computational Finance
Master of Computer Applications,Master of Computer Applications,Master of Computer Applications
Master of Computer Science,Master of Computer Science,Master of Computer Science
Master of Communication,Master of Communication,Master of Communication
Master of Counselling (or Counseling),Master of Counselling (or Counseling),Master of Counselling (or Counseling)
Master of Criminal Justice,Master of Criminal Justice,Master of Criminal Justice
Master in Creative Technologies,Master in Creative Technologies,Master in Creative Technologies
Master of Design,Master of Design,Master of Design
Master of Divinity,Master of Divinity,Master of Divinity
Master of Economics,Master of Economics,Master of Economics
Master of Education,Master of Education,Master of Education
Master of Educational Technology,Master of Educational Technology,Master of Educational Technology
Master of Engineering,Master of Engineering,Master of Engineering
Master of Engineering Management,Master of Engineering Management,Master of Engineering Management
Master of Enterprise,Master of Enterprise,Master of Enterprise
Master of European Law,Master of European Law,Master of European Law
Master of Finance,Master of Finance,Master of Finance
Master of Financial Economics,Master of Financial Economics,Master of Financial Economics
Master of Financial Engineering,Master of Financial Engineering,Master of Financial Engineering
Master of Financial Mathematics,Master of Financial Mathematics,Master of Financial Mathematics
Master of Fine Arts,Master of Fine Arts,Master of Fine Arts
Master of Geospatial Science & Technology,Master of Geospatial Science & Technology,Master of Geospatial Science & Technology
Master of Health Administration,Master of Health Administration,Master of Health Administration
Master of Health Science,Master of Health Science,Master of Health Science
Master of Humanities,Master of Humanities,Master of Humanities
Master of Industrial and Labor Relations,Master of Industrial and Labor Relations,Master of Industrial and Labor Relations
Master of International Affairs,Master of International Affairs,Master of International Affairs
Master of International Business,Master of International Business,Master of International Business
Master of International Economics,Master of International Economics,Master of International Economics
Master of International Public Policy,Master of International Public Policy,Master of International Public Policy
Master of International Studies,Master of International Studies,Master of International Studies
Master of Information,Master of Information,Master of Information
Master of Information Management,Master of Information Management,Master of Information Management
Master of Information Systems,Master of Information Systems,Master of Information Systems
Master of Information System Management,Master of Information System Management,Master of Information System Management
Master of Islamic Studies,Master of Islamic Studies,Master of Islamic Studies
Master of IT,Master of IT,Master of IT
Master of Jurisprudence,Master of Jurisprudence,Master of Jurisprudence
Master of Laws,Master of Laws,Master of Laws
Master of Studies in Law,Master of Studies in Law,Master of Studies in Law
Master of Landscape Architecture,Master of Landscape Architecture,Master of Landscape Architecture
Master of Letters,Master of Letters,Master of Letters
Master of Liberal Arts,Master of Liberal Arts,Master of Liberal Arts
Master of Library and Information Science,Master of Library and Information Science,Master of Library and Information Science
Master of Management,Master of Management,Master of Management
Master of Management of Innovation,Master of Management of Innovation,Master of Management of Innovation
Master of Mass Communication and Journalism,Master of Mass Communication and Journalism,Master of Mass Communication and Journalism
Master of Mathematical Finance,Master of Mathematical Finance,Master of Mathematical Finance
Master of Mathematics,Master of Mathematics,Master of Mathematics
Master of Mathematics and Computer Science,Master of Mathematics and Computer Science,Master of Mathematics and Computer Science
Master of Mathematics and Philosophy,Master of Mathematics and Philosophy,Master of Mathematics and Philosophy
Master of Medical Science,Master of Medical Science,Master of Medical Science
Master of Medicine,Master of Medicine,Master of Medicine
Master of Military Art and Science,Master of Military Art and Science,Master of Military Art and Science
Master of Music,Master of Music,Master of Music
Master of Network and Communications Management,Master of Network and Communications Management,Master of Network and Communications Management
Master of Occupational Therapy,Master of Occupational Therapy,Master of Occupational Therapy
Master of Pharmacy,Master of Pharmacy,Master of Pharmacy
Master of Philosophy,Master of Philosophy,Master of Philosophy
Master of Physician Assistant Studies,Master of Physician Assistant Studies,Master of Physician Assistant Studies
Master of Physics,Master of Physics,Master of Physics
Master of Political Science,Master of Political Science,Master of Political Science
Master of Professional Studies,Master of Professional Studies,Master of Professional Studies
Master of Psychology,Master of Psychology,Master of Psychology
Master of Public Administration,Master of Public Administration,Master of Public Administration
Master of Public Affairs,Master of Public Affairs,Master of Public Affairs
Master of Public Diplomacy,Master of Public Diplomacy,Master of Public Diplomacy
Master of Public Health,Master of Public Health,Master of Public Health
Master of Public Management,Master of Public Management,Master of Public Management
Master of Public Policy,Master of Public Policy,Master of Public Policy
Master of Public Relations,Master of Public Relations,Master of Public Relations
Master of Public Service,Master of Public Service,Master of Public Service
Master of Quantitative Finance,Master of Quantitative Finance,Master of Quantitative Finance
Master of Rabbinic Studies,Master of Rabbinic Studies,Master of Rabbinic Studies
Master of Real Estate Development,Master of Real Estate Development,Master of Real Estate Development
Master of Religious Education,Master of Religious Education,Master of Religious Education
Master of Research,Master of Research,Master of Research
Master of Sacred Music,Master of Sacred Music,Master of Sacred Music
Master of Sacred Theology,Master of Sacred Theology,Master of Sacred Theology
Master of Science,MSc,MSc.
Master of Science in Applied Cognition and Neuroscience,MSc in Applied Cognition and Neuroscience,MSc. in Applied Cognition and Neuroscience
Master of Science in Athletic Training,MSc in Athletic Training,MSc. in Athletic Training
Master of Science in Bioinformatics,MSc in Bioinformatics,MSc. in Bioinformatics
Master of Science in Business Analytics,MSc in Business Analytics,MSc. in Business Analytics
Master of Science in Clinical Epidemiology,MSc in Clinical Epidemiology,MSc. in Clinical Epidemiology
Master of Science in Computing Research,MSc in Computing Research,MSc. in Computing Research
Master of Science in Cyber Security,MSc in Cyber Security,MSc. in Cyber Security
Master of Science in Education,MSc in Education,MSc. in Education
Master of Science in Engineering,MSc in Engineering,MSc. in Engineering
Master of Science in Development Administration,MSc in Development Administration,MSc. in Development Administration
Master of Science in Finance,MSc in Finance,MSc. in Finance
Master of Science in Governance & Organizational Sciences,MSc in Governance & Organizational Sciences,MSc. in Governance & Organizational Sciences
Master of Science in Government Contracts,MSc in Government Contracts,MSc. in Government Contracts
Master of Science in Health Informatics,MSc in Health Informatics,MSc. in Health Informatics
Master of Science in Human Resource Development,MSc in Human Resource Development,MSc. in Human Resource Development
Master of Science in Information Assurance,MSc in Information Assurance,MSc. in Information Assurance
Master of Science in Information Systems,MSc in Information Systems,MSc. in Information Systems
Master of Science in Information Technology,MSc in Information Technology,MSc. in Information Technology
Master of Science in Leadership,MSc in Leadership,MSc. in Leadership
Master of Science in Management,MSc in Management,MSc. in Management
Master of Science in Nursing,MSc in Nursing,MSc. in Nursing
Master of Science in Project Management,MSc in Project Management,MSc. in Project Management
Master of Science in Quality Assurance,MSc in Quality Assurance,MSc. in Quality Assurance
Master of Science in Risk Management,MSc in Risk Management,MSc. in Risk Management
Master of Science in Supply Chain Management,MSc in Supply Chain Management,MSc. in Supply Chain Management
Master of Science in Teaching,MSc in Teaching,MSc. in Teaching
Master of Science in Taxation,MSc in Taxation,MSc. in Taxation
Master of Social Science,Master of Social Science,Master of Social Science
Master of Social Work,Master of Social Work,Master of Social Work
Master of Software Engineering,Master of Software Engineering,Master of Software Engineering
Master of Statistics,Master of Statistics,Master of Statistics
Master of Strategic Studies,Master of Strategic Studies,Master of Strategic Studies
Master of Studies,Master of Studies,Master of Studies
Master of Surgery,Master of Surgery,Master of Surgery
Master of Theological Studies,Master of Theological Studies,Master of Theological Studies
Master of Technology,Master of Technology,Master of Technology
Master of Theology,Master of Theology,Master of Theology
Master of Urban Planning,Master of Urban Planning,Master of Urban Planning
Master of Veterinary Science,Master of Veterinary Science,Master of Veterinary Science
